gaia_dr3,name,frequency_cd,e_frequency_cd,period_h,e_period_h,dataset,n,bjd_first,bjd_last,peak_cd,peak_fap,amplitude_frac,e_amplitude_frac,harmonic2_frac,e_harmonic2_frac,t_max_bjd,e_t_max_min
1038176780370360576,WDJ091433.60+581238.12,0.8813652,1.81e-05,27.23048,0.00056,ZTF,2119,2458202.762,2460968.969,0.88139,4.8e-252,0.0375,0.0009,0.0063,0.0009,2458000.42337,6.5
1038176780370360576,WDJ091433.60+581238.12,0.8813652,1.81e-05,27.23048,0.00056,ZTF zg,860,2458202.762,2460968.904,,,0.04,0.0014,0.0057,0.0014,2458000.42473,8.9
1038176780370360576,WDJ091433.60+581238.12,0.8813652,1.81e-05,27.23048,0.00056,ZTF zr,1259,2458217.729,2460968.969,,,0.0344,0.0013,0.0072,0.0013,2458000.422,9.8
1157401396015448960,WDJ151215.73+065156.43,4.4243727,1.84e-05,5.4245,2e-05,ZTF,1334,2458198.9,2460910.666,4.42438,6.3e-67,0.0183,0.0009,0.014,0.0009,2458000.13179,2.5
1157401396015448960,WDJ151215.73+065156.43,4.4243727,1.84e-05,5.4245,2e-05,ZTF zg,520,2458202.88,2460902.713,,,0.019,0.0012,0.0136,0.0012,2458000.13136,3.3
1157401396015448960,WDJ151215.73+065156.43,4.4243727,1.84e-05,5.4245,2e-05,ZTF zr,814,2458198.9,2460910.666,,,0.0175,0.0013,0.0145,0.0013,2458000.13239,3.9
1879989790567353344,WDJ221519.86+253059.05,0.6472615,1.82e-05,37.07929,0.00104,ZTF,2716,2458218.987,2460969.789,1.29453,5.6e-248,0.0139,0.0005,0.0218,0.0005,2458000.21833,12.7
1879989790567353344,WDJ221519.86+253059.05,0.6472615,1.82e-05,37.07929,0.00104,ZTF zg,1259,2458235.0,2460969.75,,,0.0141,0.0006,0.0229,0.0006,2458000.21789,15.7
1879989790567353344,WDJ221519.86+253059.05,0.6472615,1.82e-05,37.07929,0.00104,ZTF zr,1457,2458218.987,2460969.789,,,0.0136,0.0008,0.0204,0.0008,2458000.21945,20.4
1879989790567353344,WDJ221519.86+253059.05,0.6472615,1.82e-05,37.07929,0.00104,Gaia DR3 epoch photometry G,30,2456965.604,2457889.478,,,0.0185,0.0072,,,2458000.25123,137.1
920621124593362816,WDJ075540.94+400917.91,1.1546658,1.81e-05,20.78523,0.00033,ZTF,4135,2458204.708,2460968.989,1.15464,1.5e-233,0.0245,0.0007,0.0064,0.0007,2458000.7996,5.7
920621124593362816,WDJ075540.94+400917.91,1.1546658,1.81e-05,20.78523,0.00033,ZTF zg,1428,2458204.708,2460968.909,,,0.0223,0.0009,0.0057,0.0009,2458000.80033,8.1
920621124593362816,WDJ075540.94+400917.91,1.1546658,1.81e-05,20.78523,0.00033,ZTF zr,2707,2458223.667,2460968.989,,,0.027,0.0011,0.007,0.0011,2458000.79938,8.0
953685015492787456,WDJ065819.86+441438.40,0.813811,2.54e-05,29.49088,0.00092,ZTF,2586,2458214.632,2460968.955,1.62768,5.4e-194,0.0092,0.0008,0.0273,0.0008,2458000.74229,25.4
953685015492787456,WDJ065819.86+441438.40,0.813811,2.54e-05,29.49088,0.00092,ZTF zg,111,2458389.936,2460334.734,,,0.0098,0.0029,0.0341,0.0029,2458000.73154,81.8
953685015492787456,WDJ065819.86+441438.40,0.813811,2.54e-05,29.49088,0.00092,ZTF zr,2475,2458214.632,2460968.955,,,0.0092,0.0009,0.0269,0.0009,2458000.74472,26.6
5157333438398813824,WDJ025657.85-145029.92,0.8415647,1.89e-05,28.51831,0.00064,ZTF,823,2458329.962,2460968.862,0.84158,1.7e-82,0.0344,0.0014,0.0042,0.0014,2458000.54413,11.3
5157333438398813824,WDJ025657.85-145029.92,0.8415647,1.89e-05,28.51831,0.00064,ZTF zg,421,2458329.962,2460968.862,,,0.0339,0.0019,0.0023,0.0019,2458000.55137,15.2
5157333438398813824,WDJ025657.85-145029.92,0.8415647,1.89e-05,28.51831,0.00064,ZTF zr,402,2458335.962,2460968.821,,,0.0348,0.0023,0.0086,0.0023,2458000.52925,17.7
1415911839725510528,WDJ171743.52+515840.07,0.7968365,1.8e-05,30.1191,0.00068,ZTF,4073,2458198.928,2460969.662,0.79682,8.2e-174,0.0191,0.0006,0.0055,0.0006,2458001.22632,9.3
1415911839725510528,WDJ171743.52+515840.07,0.7968365,1.8e-05,30.1191,0.00068,ZTF zg,1983,2458203.896,2460969.662,,,0.0195,0.0008,0.006,0.0008,2458001.22779,11.5
1415911839725510528,WDJ171743.52+515840.07,0.7968365,1.8e-05,30.1191,0.00068,ZTF zr,2090,2458198.928,2460969.617,,,0.0187,0.001,0.0049,0.001,2458001.22427,14.9
2311285729210966144,WDJ234931.84-353916.52,0.9063682,1.25e-05,26.4793,0.00036,ATLAS,3759,2457303.886,2461309.748,0.90635,1.4e-51,0.0263,0.0016,0.0052,0.0016,2458000.29878,15.2
2311285729210966144,WDJ234931.84-353916.52,0.9063682,1.25e-05,26.4793,0.00036,Gaia DR3 epoch photometry G,36,2456952.809,2457900.595,,,0.0358,0.0033,,,2458000.33281,23.4
3365371721281530880,WDJ065134.01+185201.09,1.1897785,1.25e-05,20.17182,0.00021,ATLAS,3900,2457314.107,2461308.099,1.18979,2.5e-73,0.0361,0.0018,0.0085,0.0018,2458000.50541,9.8
3365371721281530880,WDJ065134.01+185201.09,1.1897785,1.25e-05,20.17182,0.00021,Gaia DR3 epoch photometry G,19,2456915.588,2457862.963,,,0.0516,0.0051,,,2458000.4952,18.9
