gaia_dr3,name,ra_deg,dec_deg,G,bp_rp,parallax_mas,e_parallax_mas,distance_pc,M_G,gf21_teff_H,gf21_logg_H,gf21_mass_H,frequency_cd,e_frequency_cd,period_min,t_max_bjd,next_alias_cd,next_alias_delta_chi2,chi2_r,red_to_blue_amplitude,W1_obs,e_W1_obs,W1_wd_model,W1_ratio,W1_excess_uJy,e_W1_excess_uJy,M_W1_companion,W2_obs,e_W2_obs,W2_wd_model,W2_ratio,W2_excess_uJy,e_W2_excess_uJy,M_W2_companion,J_obs,e_J_obs,J_wd_model,J_ratio,J_excess_uJy,e_J_excess_uJy,M_J_companion,Ks_obs,e_Ks_obs,Ks_wd_model,Ks_ratio,Ks_excess_uJy,e_Ks_excess_uJy,M_Ks_companion
6914922055508553984,WDJ205249.27-032419.53,313.205316,-3.405475,17.466,-0.145,2.991,0.089,334,9.85,16231,7.12,0.301,14.7385079,1.3e-06,97.703,2459000.05044,14.738164,4965.1,1.0,2.45,16.537,0.036,17.97,3.74,55.1,2.5,9.25,16.393,0.092,17.993,4.37,36.7,4.0,9.05,17.584,0.109,17.843,1.27,31.3,14.8,11.65,17.035,0.288,17.962,2.35,58.8,27.2,10.02
2191618770599895296,WDJ212738.67+593755.72,321.911332,59.632256,16.871,-0.062,4.146,0.056,241,9.96,13777,6.97,0.263,11.0614128,1.3e-06,130.182,2459000.01919,11.061981,4186.4,0.99,2.74,15.836,0.019,17.23,3.61,103.6,2.5,9.28,15.902,0.044,17.248,3.45,53.2,3.0,9.36,,,,,,,,,,,,,,
5503429908930455808,WDJ070106.16-534811.37,105.275527,-53.803113,18.426,-0.117,1.66,0.12,602,9.53,16240,6.9,0.256,17.6700665,1.9e-06,81.494,2459000.025,17.670341,563.1,1.11,2.65,18.068,0.075,18.931,2.21,10.1,1.3,9.82,18.148,0.283,18.954,2.1,5.0,2.5,9.95,,,,,,,,,,,,,,
4844023064578952320,WDJ040444.35-395043.1,61.185121,-39.845335,17.663,-0.265,1.582,0.073,632,8.66,20562,6.74,0.243,12.2742641,1.2e-06,117.319,2459000.06036,12.274515,1358.8,1.33,5.66,17.592,0.067,18.355,2.02,14.4,1.8,9.33,18.066,0.313,18.386,1.34,2.6,2.9,10.54,17.748,0.041,18.174,1.48,41.1,4.8,9.97,17.526,0.191,18.328,2.09,34.0,11.4,9.23
2249098833310553728,WDJ194901.41+673005.59,297.255759,67.501554,18.027,0.022,1.353,0.097,739,8.68,16817,6.21,0.143,22.6130185,5.5e-07,63.68,2459000.00052,22.613335,8902.5,0.91,1.61,,,,,,,,,,,,,,,,,,,,,,,,,,,,
4705562733524591232,WDJ005615.18-661731.98,14.06337,-66.292213,18.801,-0.163,1.401,0.163,714,9.53,15358,6.9,0.255,19.586117,4.5e-06,73.521,2459000.03213,19.586422,538.9,1.09,3.97,18.686,0.165,19.257,1.69,4.2,1.6,10.39,18.64,,19.279,1.8,2.7,,10.25,18.749,0.111,19.144,1.44,15.4,5.1,10.77,,,,,,,
4996506979251027584,WDJ001049.73-402029.49,2.707275,-40.341523,18.328,-0.229,1.343,0.163,745,8.97,18795,6.8,0.247,12.8313361,2.7e-06,112.225,2459000.01691,12.828494,2839.9,1.02,1.61,,,,,,,,,,,,,,,18.129,0.108,18.787,1.83,40.6,8.9,9.62,,,,,,,
303768056000635776,WDJ013915.33+312419.24,24.813836,31.405328,18.016,-0.242,1.081,0.121,925,8.19,21412,6.49,0.209,6.7555984,7.8e-06,213.157,2459000.09581,6.752915,57.4,0.99,,17.921,0.109,18.737,2.12,11.1,2.1,8.78,17.957,0.367,18.771,2.12,5.9,3.8,8.82,,,,,,,,,,,,,,
5467851842959399808,WDJ103039.63-275438.60,157.665088,-27.910799,18.315,-0.04,1.314,0.176,761,8.91,13101,6.16,0.119,5.9877145,7.5e-06,240.492,2459000.01067,5.990497,234.5,1.01,2.45,16.612,0.039,18.624,6.38,59.1,2.5,7.39,16.366,0.088,18.641,8.13,42.8,4.0,7.1,17.787,0.133,18.55,2.02,61.8,15.0,9.12,17.411,0.323,18.633,3.08,48.9,21.5,8.43
6177529630243170432,WDJ140056.81-264218.70,210.236755,-26.70522,18.301,-0.343,1.113,0.196,898,8.53,36036,7.33,0.411,11.0730666,4.6e-06,130.045,2459000.0587,11.070309,436.7,1.03,2.06,18.25,0.156,19.347,2.75,9.9,2.2,8.97,17.737,0.334,19.383,4.55,10.8,4.2,8.24,18.544,0.119,19.067,1.62,23.3,6.7,9.82,,,,,,,
2482810406432480512,WDJ011651.58-044046.82,19.214889,-4.679752,18.343,-0.248,1.022,0.185,978,8.39,21670,6.61,0.23,3.3790699,4.4e-06,426.153,2459000.02461,3.38181,868.7,1.04,2.49,17.719,0.103,19.073,3.48,18.0,2.4,8.13,17.621,0.304,19.107,3.93,11.5,4.3,7.99,18.44,0.098,18.879,1.5,22.3,6.1,9.68,18.343,0.405,19.041,1.9,14.5,11.4,9.2
